"","V1","V2","V3","V4","V5","V6","V7"
"1","1","-1.17420407272657","0.366098232777299","4.22774943688893","3.16219124961356","-6.6678053609197","-6.15911949264987"
"2","2","-1.24138451964746","-0.33973610376345","2.35637414369872","2.23221260650622","-12.7168159642456","-14.3505666037354"
"3","3","-1.50766497525296","-0.227070553091035","-1.2487945960307","0.504635161831692","-17.7994646802157","-17.1850613090599"
"4","4","-1.21016035787974","-0.603221913514607","1.91336513260459","1.95577670180018","-10.4843105968851","-8.78708503736376"
"5","5","-2.18348079352432","-0.166875654641061","0.681035656333279","0.74888982607467","-22.3060751025443","-21.373699972647"
"6","6","0.163077602946539","-0.0203596546550686","5.5760585380369","3.70266297192045","-5.10210942681441","-4.460514407779"
"7","7","-0.782325146597027","0.44278070055906","3.62963398648289","4.57585347681215","-6.7258167652116","-7.1329724180247"
"8","8","-1.67130105771334","-0.07286555383516","0.725881815956842","0.803321939605279","-16.8095356842568","-15.3395867112397"
"9","9","-1.57261969483063","0.516087339807501","0.828982776572179","0.632998227916688","-12.2292541294101","-10.8986243290973"
"10","10","-1.0403453677772","-0.858433310540779","-0.369497777257004","0.340612083582287","-9.51483245013496","-7.37579436053695"
"11","11","-0.28237274006904","-1.07124572612762","3.31703261815696","2.76096309974659","-4.04963682409518","-6.39908251565893"
"12","12","-0.990665595762998","0.124007885171248","2.4890005645081","3.94737285581308","-9.82493395052409","-8.22045650874015"
"13","13","-1.86171793718972","0.0657425586909429","2.31954422540407","2.51652289631468","-16.0750570741388","-15.8571689549268"
"14","14","-1.25340402824392","-0.549808503226293","3.0478189347283","2.06998190937782","-11.2067910397014","-7.5103162354487"
"15","15","-2.31820363145674","-0.322514481149863","-1.20701316219323","-0.00436615628852748","-22.8181729709534","-20.3735080458611"
"16","16","-0.786544309080287","-0.718383183478595","1.12745219164676","2.06630861398242","-8.50442683729528","-4.59054672555814"
"17","17","-0.393991718623859","-0.0603658837568393","5.00112342627275","3.94933398285195","-8.26515708330077","-8.77603400415608"
"18","18","-0.514768265641805","0.542097414451615","3.98744341135314","1.24679064827846","-2.63485342694778","-2.38021623204051"
"19","19","-2.45688822917322","-0.357846326351536","0.154880211988011","0.527376306588623","-19.9158470562819","-22.7200221923386"
"20","20","-0.427694517461735","0.155680355307407","2.60365817998377","1.43229365736863","-2.16047984271087","-4.69393701714061"
"21","21","-0.0206224746574098","-0.97868277049958","4.51237542705689","3.62055308864776","-0.0932852500417809","-1.69642483542706"
"22","22","-2.14386335688474","-0.536567921874619","0.644498262883596","-0.061499816702122","-15.8055884023208","-19.3506303280811"
"23","23","0.613744090446182","-0.333573344500005","6.81757060592177","4.08732096128816","5.11178229343528","4.70211414206195"
"24","24","-0.872679481161569","-0.337832696146866","3.54083448295301","1.60191469195366","-9.15705805490022","-4.47095260956155"
"25","25","-0.61452475183458","-0.239915139231011","4.74558720265299","4.55349027963896","-10.8876378195659","-8.50183889072988"
"26","26","-0.504514470486214","-0.0553778806952167","4.54714352463356","3.03021841317663","-2.05350214231671","-3.30308958324648"
"27","27","-1.48545990303184","-0.627546978403865","4.10677107350274","3.83646989453862","-10.47572458607","-11.3358088529195"
"28","28","-1.02922056598715","0.0614758315321541","3.42259328299204","3.06834382458659","-13.516679669306","-12.9836423323228"
"29","29","-1.36275744232739","-0.699455392276617","0.693476274790592","0.899188306462339","-11.1851054764959","-13.7844026923961"
"30","30","-1.29527068272206","-0.729158357721089","1.70443979725626","1.28562150315143","-16.8777496969756","-15.9792007214294"
"31","31","-1.34323401838808","-0.219946339811832","0.294982954298056","0.378128347380375","-10.2741155620036","-10.8762888904709"
"32","32","0.219490746078541","-0.127308647085665","3.16774830803881","2.67851062107164","0.958366681811835","0.295387456524503"
"33","33","-1.36262019280513","-0.561404009531572","2.97398535937704","2.73392647470504","-13.3313099375363","-15.0531546981262"
"34","34","-1.37206638234662","0.0521569441605399","4.04832459271447","2.02086868588417","-9.9541009510049","-11.3534676026116"
"35","35","-2.18384590787714","-0.838044616459706","1.48124236206698","1.67697104315094","-21.6940734781592","-20.8999061058943"
"36","36","-0.434941178547633","0.604365322050299","3.73921724733024","2.63876183922571","-5.60929702874533","-6.42551212149846"
"37","37","-1.89399470339632","-0.385269686955586","0.250730074754836","1.28090234587887","-14.2535025958961","-13.9894164888869"
"38","38","-1.93652310066876","-0.883686922292445","0.545700569757603","-0.03750981176135","-12.5098282772535","-15.2517097702506"
"39","39","-0.956215751456453","0.394159924247159","3.21408111755151","2.27296221139226","-13.0481091713276","-11.0193432450316"
"40","40","-0.366320478733418","0.0934857797156148","5.05197928909803","3.69976429024007","-6.73690939169885","-4.66849807682922"
"41","41","-0.0496382979217249","-0.616303957778024","5.12227801824719","3.98163818334044","-1.90320483947238","-0.805568068802698"
"42","42","-0.670360705626658","0.0886461579165317","3.47396232476595","1.79745269081352","-7.32335891193876","-7.94742190366926"
"43","43","-1.28436735432041","0.13370483637131","2.94311474401387","3.80762062778294","-8.79291341444983","-11.1383625494693"
"44","44","-0.775610392695185","-0.439179229327306","0.531487837593401","1.19315793676505","-13.0531283937665","-12.4090324402042"
"45","45","-2.07851062325162","-0.235866959808814","0.887678071572756","0.56365338846965","-23.1821001244391","-22.3707682886947"
"46","46","-2.09508319430608","-0.371464432818222","1.57626750408084","2.11090138227761","-19.9153806551056","-17.9412633049184"
"47","47","-1.09230118670125","-0.279181632860972","5.09456076502061","3.27530084460881","-8.63455510400097","-8.06608563599193"
"48","48","-1.98651827205562","-1.01434106952676","-0.523803243798398","0.0316700312714523","-13.0024319033068","-16.9781704815443"
"49","49","-2.2864594216854","-0.127814896142535","1.29137349461089","0.368062309808641","-22.4471907920318","-19.8457589432389"
"50","50","-0.137687329006436","-0.690492178702073","4.30944697808789","3.26705881404017","-4.61333649378274","-4.2557953453576"
"51","51","-0.716735203617718","-0.0421403092961975","4.16148861397355","2.86492525873652","-12.2783635689147","-11.5953868720317"
"52","52","-0.665239682278549","-1.22117494861932","2.35697012206833","1.74549208555664","-3.29682962696282","-7.31182888774869"
"53","53","-2.36905591337883","-0.260870080312167","-0.249927835366642","0.360100946455919","-23.5927745857709","-23.3820657733593"
"54","54","-1.03187424447501","0.103806974986643","3.56069019321352","2.71159906494365","-10.144590175325","-13.662411177578"
"55","55","-1.54584896950714","-0.760812208064425","-0.223562518366035","-0.176876499924845","-13.1584481626768","-11.4265995571988"
"56","56","-0.861156653252762","-0.103556801638141","0.519118540970473","1.63188150503306","-5.6725089601897","-6.18841380901231"
"57","57","-1.3709668161872","-1.08583146948199","-0.479968549182286","0.316174294434467","-12.2665121996051","-14.0993699004259"
"58","58","-1.44895554544643","-0.875651820418431","1.89707362713547","1.80069767792696","-8.01957092438282","-11.8643500653746"
"59","59","-0.466736901625002","-0.136013829534688","4.73217354535613","3.48952943503115","-9.49000685487926","-9.26197485619395"
"60","60","-1.80030425358807","-1.20018666132021","-0.288293367374845","-0.323960807271876","-19.6160742007923","-17.2705129867997"
"61","61","-1.57699275008809","-0.447198769099185","2.09772594476769","1.85316780060738","-17.0583367970293","-16.6792387333932"
"62","62","-2.36102802123658","-0.832764077918361","0.858231878634258","1.03142370216117","-22.2758075761464","-18.5815448488458"
"63","63","-0.577515438223254","-0.245971069562108","6.77973946556584","3.51347788116325","-5.7032549100561","-6.72295585682055"
"64","64","0.211062647063503","-0.106914828368248","6.76508896005363","3.67190643624351","-3.2659626568032","-0.136461915306139"
"65","65","-1.24090788172443","-0.635908057850681","2.19357932228599","0.999290845980375","-16.4929922747801","-15.1392769152206"
"66","66","-1.97927374687444","-0.39917812103445","2.33189162009496","1.90530561065336","-19.3592179831023","-15.5952293249776"
"67","67","-1.96490695330411","-0.437726412316964","0.489415844742026","1.06211455293683","-20.7242608002028","-20.0984098863859"
"68","68","0.276883606585279","-0.0586041348941701","6.95642381851204","5.41724205576262","0.154122743505285","-0.847843526365934"
"69","69","-1.16278332034673","-0.137866688875579","5.11473734952316","3.42784313305359","-8.2732195035645","-6.43426892312681"
"70","70","-1.13149910188711","-0.526568061460886","4.82335214384947","4.02646235438832","-12.5155932519254","-12.7608986286586"
"71","71","-2.40097818818605","-0.994003439010908","-2.00226475827494","-0.736720236449067","-20.7845804596419","-19.6201525670994"
"72","72","-0.885452635528062","0.37818330950066","4.20298533709536","4.27223820858996","-7.96536380896397","-8.1564949238956"
"73","73","-2.07720833207717","0.10694945760812","2.55911872702282","1.86188738264024","-19.7560158785205","-18.1543673129265"
"74","74","-1.10758128930783","0.0144683267690119","3.94236281860439","3.30112369962599","-14.6628078779851","-13.9190101180096"
"75","75","-1.54784591901422","-0.525286055089086","-0.590399417527352","0.402367360129728","-12.9692696563068","-15.3342007616847"
"76","76","-2.49711869127538","-0.136140091302942","0.430563318121901","0.771826908493183","-24.6197833700526","-24.1778881769823"
"77","77","-1.32796062942268","0.22326705025039","3.0946749415786","1.80616696173381","-10.9331329731059","-15.0093220427211"
"78","78","-0.774064680341243","-0.358731365970959","5.20611174004482","4.01845506735448","-7.70115090870765","-5.49941201677955"
"79","79","0.552824681163556","-0.496758862839938","5.72962862455342","3.56645760366784","-0.190739213732657","-0.357518156186824"
"80","80","-2.28511893338362","-0.509308809713673","1.77603794274151","0.78882605654815","-21.6136510914206","-19.8234743244219"
"81","81","-0.0821755107192446","-0.00174680993535041","5.13704200198567","3.92883844510499","-0.200585914578962","-2.4955683336716"
"82","82","-2.06537061077467","-0.645923878008","1.54769351963309","1.40209925419435","-13.7180049318662","-16.5621669989887"
"83","83","-0.196380834362282","0.188206598655408","6.94427298564696","3.24595741356692","-2.76621543425423","-2.46027835578992"
"84","84","-0.902743775745672","-0.354217309488698","5.85831097318353","3.37043581244225","-6.26602582469032","-5.57512851644885"
"85","85","-1.12966025956163","0.0675335883825123","5.75812512483919","3.27319629343291","-9.38093524375773","-8.30487344383684"
"86","86","-0.371750566454875","-0.47045591954411","1.24756564909002","0.121800721438334","-3.4577168692133","-4.11833035266256"
"87","87","-1.67710107329812","-0.273160474995591","0.576473060108021","-0.0549789864497558","-11.4994399205085","-15.3333716993201"
"88","88","-0.247043361271796","-0.655993454137551","4.73310150028287","2.34876610998613","-2.27417196825473","-1.31053763156419"
"89","89","-1.71169431495176","-0.696162423146796","0.326985336250321","1.82457780764775","-18.3223107932459","-16.4208110768371"
"90","90","-1.58223478071039","-0.331206294911709","2.61893529612165","2.51386146543151","-10.4341179880528","-11.8229119394407"
"91","91","-0.96362729830152","-1.09424584826589","1.59557193291373","1.69759989874611","-12.9010294189004","-8.66799846451681"
"92","92","-0.38647963163633","-0.0344868518943175","7.52388112349335","4.33320982475513","-3.00998349398533","-3.86471301877903"
"93","93","-0.817193525585041","-0.0197981330814527","4.44150038773859","3.8136376035433","-13.2394557283651","-12.2716527432369"
"94","94","-1.03540478624801","-0.449453681690303","1.96829981165357","1.16373121434819","-7.99112217661181","-11.5150630602903"
"95","95","-1.86182806981482","-0.851892383550038","1.45037349735729","1.09008234941898","-11.1451997266757","-14.1871252646594"
"96","96","-1.08267919634392","-0.478731480241079","3.18387473877653","2.76440354421665","-15.4042776942492","-13.9919251874171"
"97","97","-0.589747611037976","-1.17165331656792","0.591599784166178","0.163163606806184","-5.92877953689391","-4.57521724383482"
"98","98","-2.43305904599025","-0.112680636139491","0.56646021891556","0.68661761245127","-24.8076768002118","-23.8608150499804"
"99","99","-1.64549640560824","-0.624247617394386","-0.137395055417227","1.48775347332007","-18.6324070678101","-18.1438083975804"
"100","100","-1.65857059587469","-0.568755725222513","3.86692458726966","1.71813049137174","-10.5000050767257","-11.6100878384941"
"101","101","0.430174478296633","-0.107598082721909","5.67565110170417","3.63124722250723","-2.85117202530742","-3.1343446620681"
"102","102","-2.14618458228203","0.040441807346377","0.84642342675813","1.06962490553024","-21.4262409739506","-21.2060061933872"
"103","103","-2.51296870780578","-0.656331626458436","1.11117643456005","0.84369270345324","-23.6901207970987","-20.1071984455963"
"104","104","-0.792163256493576","-0.101167851226975","4.01755303930626","3.70920207670669","-11.3758045213142","-11.4339041381953"
"105","105","-1.85507340967243","-0.0901866230469048","2.87339706492072","2.83394284384036","-11.6507229601613","-16.353023409475"
"106","106","-1.19508659773533","-0.29075427424934","4.61359404929234","2.39915361750401","-4.69602191840437","-7.86530240412626"
"107","107","-1.45979155980078","0.144593616769951","4.84621317179558","3.07725991706442","-9.85033886118221","-11.5146643351789"
"108","108","-0.914291365105297","-0.514014456951072","0.515680879586185","1.62773843593501","-14.5174036897716","-12.6480754468598"
"109","109","-1.59678643576901","-0.402095442089255","3.57760009480974","2.98411653274226","-14.0773829230013","-15.393594560403"
"110","110","-2.10665580152983","-0.137518161506459","1.71659397235016","0.348786152570133","-16.7745376029055","-19.6723336693023"
"111","111","-0.0153409210508988","-0.0996854139750671","3.41646941606252","4.8894203090667","0.941277607631442","-0.556000414205995"
"112","112","-1.56580657449387","-0.458697226030309","2.57075701742705","0.25017201632155","-9.77333749709368","-10.0444376298663"
"113","113","-1.17467805640029","-0.928122154311505","0.72489731753763","1.43909023533973","-11.5715882732656","-12.6029782915454"
"114","114","-1.96142869841803","-0.757173648242997","-0.746336724228803","0.725672011524593","-20.3405915315529","-18.324705615549"
"115","115","-0.995544833916831","-0.797244411887986","2.26606320251921","2.33003130839217","-9.48479624659293","-11.8091970207049"
"116","116","-1.64784357815116","-0.114346930389855","3.66287541968662","3.44876992701588","-10.1480980533435","-14.990580754767"
"117","117","-2.11319175837193","0.068029200848441","0.957512877262533","1.15868689858232","-21.2653010321275","-20.7894314681306"
"118","118","-0.522714421072479","-1.01066869919047","2.21410586344286","2.29078396590466","-2.97231918560575","-7.34392273239748"
"119","119","0.725867537590926","-0.365079026375909","5.49632014417089","1.8421749120517","5.77294780964057","5.59904843978471"
"120","120","-0.752891002850647","-0.267497022288623","2.614445423552","2.61279619015269","-13.5504332076078","-12.7979021082806"
"121","121","-2.26767873658291","-0.457015106531838","2.04360359693822","1.52812989435882","-21.5472915677798","-19.1470953408931"
"122","122","-0.862872956562921","-0.678268147172208","2.01587096786218","2.59238865580793","-8.80171989187462","-11.2745428208616"
"123","123","-1.69627941643825","0.112386481113361","2.26492508856214","2.26210361373632","-18.9728744232583","-17.7886962243709"
"124","124","0.225135957420453","-0.0254217215051162","6.75394202058969","4.61320679668728","0.026067552571242","-1.24434730819499"
"125","125","-2.30987014695804","-0.295797587236771","0.716793839015224","2.29155250321803","-17.5577437643906","-21.3669630560701"
"126","126","-0.639563582201945","-0.142725877621129","4.87923461555708","4.24928983371496","-2.76568166953038","-7.56212784099976"
"127","127","-1.60791537908581","-0.886727835554323","1.12556845701643","0.851792509530862","-10.3924572222312","-14.746229498302"
"128","128","-0.083672432005596","-0.480001103020828","4.48645304033357","3.30576058086735","-4.81199731912571","-2.60679297390031"
"129","129","-0.897591246206657","-0.316915492247516","5.66289538014358","4.0108673059707","-6.27826525897497","-8.99425268329734"
"130","130","-1.1634372544922","-0.654613585931188","1.03988340360159","1.60679781887748","-7.66899155504012","-11.9364761981862"
"131","131","0.244145618491057","0.0160861855747293","7.31027929950861","4.5030636446764","1.52030025255673","-2.46197139723068"
"132","132","-1.57561318756396","-1.06252111932957","0.474054101117001","0.414646269026568","-10.545275085784","-9.92278398314465"
"133","133","-2.52689375182705","-0.976709000797886","0.241931693006989","0.57950642100928","-23.4069619715985","-19.4952312644557"
"134","134","-1.45492950016617","-0.841464149715697","3.08372607691525","2.64699165883324","-10.6240992370559","-11.9723675766318"
"135","135","0.0757839976052853","-0.189031848942246","4.54835786108695","2.83280312612467","-6.53975761612856","-5.98574033222274"
"136","136","-1.56878676004934","-0.455210506303666","2.15085907625177","2.66594862589939","-8.54060363780793","-10.5945234768384"
"137","137","-2.2616148539676","-0.505828535456239","1.46827334131645","1.83435280906797","-21.655858535567","-19.9064595665382"
"138","138","-1.54260737737667","-0.100870982798351","3.87852365937902","2.80044129919596","-16.1716910055785","-14.1083866049066"
"139","139","-1.32978087590954","-0.178265592549331","2.92475183046789","1.80585450231204","-3.58064570972085","-10.0671040406621"
"140","140","-0.990407732782558","-0.100077769910972","3.16114895777096","2.29229631534509","-12.955339549133","-12.7840862067198"
"141","141","-1.13794979521189","-0.47100296476815","1.00271942114857","1.90703696891653","-13.4987053657104","-11.2659426991701"
"142","142","-1.82230062749081","0.512557943420974","1.00510573366646","1.092902075659","-17.512430381112","-13.5363893463704"
"143","143","-1.63625335065246","0.478902227926732","2.05562760194843","0.672690711388207","-11.8100537658486","-13.7738670272115"
"144","144","-0.700432045892823","-0.0904422801777315","2.8705208974865","0.628694156168586","-7.43211704001226","-7.87670820495735"
"145","145","-1.60357608156442","0.102492082266732","1.18633939756931","0.972608021942267","-17.0187041449038","-14.7266554166675"
"146","146","-1.8227066115005","0.0122677837570472","3.54613736512426","2.27641563744069","-12.9906696008279","-16.7515416527792"
"147","147","-1.06148269937096","0.966737226164276","2.46801368090034","1.13120878793852","-11.5929666737236","-10.7274919937464"
"148","148","-0.365853295527436","-0.297462853169857","3.23559564459842","2.56981587772642","-8.59641729337238","-8.45818111850907"
"149","149","-1.82941876518257","0.528593021982105","2.77464800392142","2.63120250580244","-12.3483123127428","-16.0963870775809"
"150","150","-2.29467579992959","0.00956462117086234","0.391823323453333","1.83294903877","-19.0851720812095","-18.6352874705451"
"151","151","-0.935642923098955","-0.530245198928019","-0.264724565715329","0.535934180896597","-10.1043770719884","-6.00267860589872"
"152","152","-2.30008188367855","-0.192866687408672","-0.0958298933780199","0.0589333224744589","-23.602830791789","-22.9214527352115"
"153","153","-1.53582209875335","-0.35102269571121","3.67631530605383","1.91057178213936","-13.0235555404064","-16.0334943714758"
"154","154","-1.49345493452799","-1.07247488665065","0.376189274702708","0.351388733854368","-13.3849410905924","-14.8135746468739"
"155","155","-1.18061027386885","-0.455439602530398","3.50791591552037","4.59431172897347","-12.6240682566726","-11.6635423138325"
"156","156","-1.02131130504898","0.0851576829396839","5.84646268449671","4.32132516379374","-3.48796483373917","-7.53861168111694"
"157","157","-0.455867536816548","0.147762079497535","6.62221823104035","3.20047467113299","-1.97805365785249","-4.41910046126253"
"158","158","-1.65986304096774","-0.772229877665335","2.03652670807136","1.98909442464828","-17.7346127504726","-16.5729441914931"
"159","159","-0.549411017883571","-0.416910568596977","-1.7201915540304","-0.998091304859206","-5.75589296102607","-5.53294754822923"
"160","160","-0.868055216455177","-0.695337775306283","2.94144180784683","2.66479631624338","-6.81103031753277","-7.20054124078564"
"161","161","-2.32712910454328","-0.0627754782969139","-0.0805174725961629","0.101496777353457","-23.3534739807411","-22.751078350094"
"162","162","-1.35988296377304","-0.243105215329542","2.35822190692849","1.57135378850643","-3.28426508144571","-8.85828181375009"
"163","163","-0.221254997621377","0.24797897617491","2.78743876958008","1.62585240755874","-2.14230597866252","-2.63210234863302"
"164","164","-2.23675494195703","0.394447932409318","0.996901313937498","1.18574061894881","-16.6490492886413","-20.3746329014432"
"165","165","-1.92160222626695","-0.235892180196702","4.45458676173458","3.42024772543465","-13.5198730928591","-17.4874753105577"
"166","166","-2.25376527061788","-0.976918397136321","0.00473741704909218","0.623834780209966","-21.534742214918","-17.3214067987907"
"167","167","-0.923490920309274","0.0858609707891896","3.60527593952838","2.34809684663055","-4.34797346179659","-7.00630130423087"
"168","168","-1.25153866990114","-0.394513921897679","4.25324348550847","3.23354324159345","-11.4922591430881","-7.59121334563134"
"169","169","-1.04299629213789","0.890092283724543","0.902472666392445","0.756925823515507","-10.2727706298083","-12.4318005921421"
"170","170","-0.489420409682461","0.270827767966733","2.71507330138706","2.2345719909923","0.585092232600358","-6.43848776657687"
"171","171","-1.60707991440926","0.062723030253594","-0.436835916362354","-0.322050359173993","-16.0236975917562","-12.0424458216243"
"172","172","-0.892439075755748","-0.0343306214207766","0.789195161957087","1.11888256376491","-12.9738129022821","-12.6151158162038"
"173","173","-1.28131690339872","-0.8085347347265","4.19543783512311","3.41405807302727","-10.1172942405596","-10.4547745759301"
"174","174","-0.719719579062256","-0.754534830098934","4.89001494013587","3.99849676967987","-6.62951403208291","-7.58373263727115"
"175","175","-0.945570286781504","0.145497532192591","1.29850803465116","2.26250751599074","-11.5560047807768","-8.77000122954548"
"176","176","-2.02486215606167","-0.620203145485795","0.708675040815962","-0.349954403491535","-14.8106947090913","-16.2031426216036"
"177","177","-1.17907963880629","0.121605666871012","2.65418577139445","2.05893296281975","-15.5601402756267","-15.751725773992"
"178","178","-0.431598454800511","-0.29788633760307","4.40697434776767","1.52304552296728","-8.39038406227479","-4.13255766711332"
"179","179","-0.500081505652977","-0.380607845056531","4.96263130238114","3.73795298873821","-5.02141270723672","-4.38252443088423"
"180","180","-1.43819345133963","-0.322168321489871","4.43591126658395","3.58209978355454","-11.6828707028124","-11.6996412140591"
"181","181","-1.80030572827095","-0.561831039713146","2.4681339537891","1.90725736954702","-18.3577681327776","-15.0369541647036"
"182","182","-2.45452039546657","-0.122713964271104","-0.234965814039717","0.30021699471796","-25.0847470142862","-23.7423374195868"
"183","183","-1.0684146878892","-1.48821566178133","1.76578171075044","1.86639034005585","-9.29849694182815","-8.14305754659924"
"184","184","-1.09021056416212","-0.409734221595611","1.27727476099765","0.714196673539437","-9.80258922040029","-8.73235405748148"
"185","185","-2.27723651617989","-0.206774609589082","0.08916640665599","0.545691036592937","-24.0943477552996","-23.3959692181856"
"186","186","-1.88459408003679","0.162467612368068","4.28296989980809","2.00437459995823","-13.7785173243822","-15.1051484444025"
"187","187","-1.3014304948137","-0.787616319754875","0.849239962433678","1.39526046275107","-16.313649345822","-15.9210030511475"
"188","188","-1.14214523372138","-0.84563693857163","2.29019412323549","1.62224009447887","-9.70490493653667","-12.8148487586995"
"189","189","-0.75824436855093","-0.965961482809024","4.43027426075722","2.48214075927107","-3.89536438412743","-4.76748720510647"
"190","190","-1.24475605530757","0.00429835740656346","4.19994800768894","3.10510877333874","-12.125514875765","-14.8344975204402"
"191","191","-0.933073665331031","0.127009039058738","3.81037499680045","1.48344151977982","-12.8588267920232","-11.570861426422"
"192","192","-2.08797434023692","-0.904787029586947","-0.391544157846931","-0.340521266510648","-13.3815806323605","-15.9312987251709"
"193","193","-0.856500853364167","0.0431120443262396","4.57865853489478","4.19982395391412","-12.7740845493131","-12.1038209593268"
"194","194","-1.27161851589283","0.208361808020373","3.03723539995325","1.37343220225418","-13.3353369870547","-9.94873173851271"
"195","195","-0.975033580342327","-0.122035545548883","3.55634561531549","3.19551088497922","-6.56303362921383","-6.04757972636805"
"196","196","0.177039565626509","0.0303982752699973","4.94822077275065","4.30000172645091","-1.3035651148798","-0.724233064223003"
"197","197","0.214668496251621","-0.262842770102878","6.1791330844651","4.09655748708178","-4.00245590762277","-0.873931689015081"
"198","198","-0.287525055024253","0.117793399554297","6.31829662130946","3.03926250639638","-2.81972673723422","-3.09080166679564"
"199","199","-0.769041336364376","-0.420477640007118","3.82988590140233","0.820442381196996","-10.119990641422","-5.82496815693704"
"200","200","-0.909937819900583","-0.197369960768359","3.80020550746607","0.524428931131197","-7.44491411795275","-9.36537197085281"
"201","201","-1.34944337451498","-0.792873710637797","2.88581102426146","2.68580637389045","-12.7319492427582","-10.4168133586586"
"202","202","-0.269640582771074","-0.623225506208672","2.9503999506981","2.52809061764329","-8.8188382179811","-7.39580842439315"
"203","203","-0.723424912255059","-0.904378171630554","3.28414993677228","2.7884531019937","-9.51629254225303","-6.41760549953709"
"204","204","-2.39345309129653","-0.150066162531817","0.0110303976324828","0.118090203809353","-23.0316538476028","-23.1798271284489"
"205","205","-1.13282017852402","0.0996282640631469","5.27403041584637","2.36182493900439","-9.47485082397783","-12.0688744520014"
"206","206","-1.13200375303172","-0.48506238656464","4.3209676720796","2.91731607375445","-10.926416687397","-8.51620454505952"
"207","207","-0.808882316931171","0.0699600829882651","6.00956026241563","2.86767405130918","-5.22277402923955","-5.14065569034245"
"208","208","-1.30498647310862","-0.742987498115742","4.31161215622843","3.45930618170942","-7.80511855678005","-6.82969972032282"
"209","209","0.113230500300222","-0.197694455582016","6.69611669037366","4.29008797264288","0.163996666054465","-2.42879159686499"
"210","210","-2.39312596830114","-0.0768696075417638","0.114680277421192","0.368329671896737","-23.466709336649","-22.9888277317686"
"211","211","-1.16527678282952","-0.991062905620933","0.906197651175456","1.12595868750762","-16.2585653380181","-14.8250421550966"
"212","212","-0.681995305454772","-1.09447200763737","1.47331678921662","1.75149072878853","-6.55991252931978","-5.49867435234558"
"213","213","-1.766206262899","-0.627808869287253","2.44923194965604","2.377506584545","-11.8764309630417","-16.2976847346224"
"214","214","-0.7340828834791","-0.0823653235435511","2.65794999185244","2.49548883350399","-12.3042695255346","-11.5802466165723"
"215","215","-1.9992470601433","-0.197757225419859","1.57583989465722","0.844679417421151","-15.6804840369559","-16.22432145186"
"216","216","-2.26585971077411","-0.196313745568792","0.116159432151883","0.699173466827412","-23.1142125839539","-22.2960512070145"
"217","217","-0.77062649719836","-0.567030619550139","5.96634804708452","3.01517278978693","-5.61580384082061","-5.18897476411758"
"218","218","-0.784630702045248","-1.03256502512111","-0.394846987662608","1.09730266987094","-3.46681888301457","-4.03014095690017"
"219","219","-1.47593279794159","-0.20819176353053","1.9556356386175","1.56065746381292","-4.19152991054203","-10.8832252313193"
"220","220","-1.05499671017911","-0.632871408550308","3.67567493927808","3.85169958131511","-10.4486126543902","-5.77793135753145"
"221","221","-0.996139876106744","-0.57701788080156","5.60689501054482","2.88639497891319","-7.50081702310982","-6.67216138374212"
"222","222","-1.05351056279489","-0.774525281566281","4.28300623397487","3.56232359633433","-10.2985467061157","-8.92970790031235"
"223","223","-0.806211071574038","-0.655945606095654","3.4794389229714","3.75780878090626","-6.8166953741657","-6.65623799410332"
"224","224","-0.54726154420597","0.100352148647541","3.63186570244037","2.06250430767454","-6.35910682959118","-6.24410136026715"
"225","225","-1.35956400617308","-0.956275302038516","-0.526585415306443","-0.640357789371039","-16.6103081432248","-13.4595866979983"
"226","226","-1.46477034421046","-0.364883963868206","0.141901649590946","0.864196057169702","-10.7402740558579","-11.9996181664702"
"227","227","-0.779275840249447","-0.178245462007913","1.96414520841886","0.347424270337224","-7.32484521153923","-10.2810316592477"
"228","228","0.221181834043146","-0.0688044055146586","6.45701840870402","4.10232641822158","-3.90582365097583","-2.61022689064306"
"229","229","-2.24081437119141","-0.162540984874847","-0.0743378409018369","0.489262373642495","-22.6151298290597","-22.0928108427798"
"230","230","-1.99671623533217","-0.287151492218374","0.946028779189654","1.17600070258212","-22.0126726906515","-20.7646836388265"
"231","231","-0.513475794505954","0.382402176302427","2.73995675061683","1.22539523803679","-6.70401465150082","-5.16208452357704"
"232","232","-1.31573787360343","-0.707798857892867","0.61943620775096","1.15485751657942","-16.8249363223514","-15.7708140490512"
"233","233","0.126583154077512","-0.111008625733523","6.80332542487198","4.07237837325785","0.0412308542954097","-3.29452939461572"
"234","234","-1.38149377357363","-0.230194075028183","2.11577655610123","1.75571176614985","-7.37046872750192","-8.89582846091002"
"235","235","-1.8536358464388","-0.867698899259419","2.57502533417892","2.64390536700438","-12.7206719391011","-15.4130800402514"
"236","236","-0.135593675781735","-0.564711508241658","4.01331503567328","2.4348883363416","-5.57127000715454","-1.80705983189606"
"237","237","-0.309400597750966","-0.554293160087124","5.37486097628041","4.48565883691172","-3.51218995364811","-2.29834440527078"
"238","238","-1.71544043518308","-0.185731407587723","3.32256199306987","3.3638019527049","-10.8640626425203","-15.7198271477634"
"239","239","-2.23913785180099","0.142795761541842","2.95818372669064","2.11006274488166","-18.2029649497916","-20.1979979823059"
"240","240","-1.3318615146667","-0.308467313391955","2.30081628095393","1.62561961985967","-2.89804621996487","-9.32304806870464"
"241","241","-2.58268280498359","-0.553425992325082","1.66659498596504","1.85912623612083","-24.8720664331074","-22.1254190078978"
"242","242","-0.228762263100564","-0.498651905831243","0.625335684220757","1.13464591448633","-2.39037103583438","-3.46299725726345"
"243","243","-1.5773024315828","-0.118106571071035","3.89097791323671","4.22393674455857","-12.3780647199826","-9.92498478885936"
"244","244","-1.07102734060859","0.108573742541064","2.13095630857085","2.49649820032185","-7.59796407031332","-11.4938723141034"
"245","245","-0.52123737865292","0.148601792008427","2.51940217547469","3.67362802248539","-3.39396624429584","-3.29472589555962"
"246","246","0.121549381289114","-0.880152524058212","4.29661455541436","1.61958034339202","1.12863034005877","1.78519580689407"
"247","247","-1.83484488533485","0.101553479074476","2.10710747496202","1.66137270678283","-12.9935118435929","-16.7165662019276"
"248","248","-0.877323256414921","-0.460324829522073","3.27532728342683","3.45437361515471","-6.9412303638408","-3.91640468054179"
"249","249","-0.311396555214464","-0.14998048526184","4.70666436832621","1.70853302981223","-6.40798525905516","-4.41921217534926"
"250","250","-1.43804009481053","0.330897676410301","2.37726888152861","2.34048805930553","-15.819938344406","-13.5356273264145"
"251","251","0.0533765836049888","-0.0485503199721785","6.79733412679567","4.11555076227558","-1.33115474195618","-2.36652813123526"
"252","252","-1.65341400617511","-0.310041949380147","3.66739327597302","2.36452329148896","-8.93573866768418","-10.8299806255907"
"253","253","-0.4198209035602","-0.0300959027249163","1.90609613761361","-0.668277468172383","-9.09386805965351","-8.90150691879343"
"254","254","0.448868429233031","-0.341201743141944","6.90695899447881","3.45238742567952","1.71918984883232","1.27103112028971"
"255","255","-1.24923059151187","-0.851589502930909","1.01573425453744","0.956119982414438","-13.2488507803979","-9.57864227394305"
"256","256","-2.58504107896764","-0.465232430283363","-0.755975300563618","0.988939997606044","-23.4390469481442","-20.7270048214141"
"257","257","-2.24851073029994","-0.135690504310373","1.20362214746748","1.61300226794108","-16.000651074281","-20.6494358255994"
"258","258","-1.76272310502752","0.538275206744029","3.5571079915722","2.05612506270934","-14.6413672117574","-17.8038758891847"
"259","259","-0.356176408331321","-0.0949781832208004","5.92515774110916","4.20668226170924","-7.91806945983768","-5.64980103138883"
"260","260","-0.230328452226708","-0.0549201770597166","4.37941504646958","3.04193213841402","-6.89126765083785","-3.04133157084014"
"261","261","-2.54593648548207","-1.07855733440882","-0.649600341960156","-0.462009532093197","-21.336394875246","-19.0629984136418"
"262","262","-0.220745538049054","-0.280235827715134","4.4147655185518","4.90931123229524","-6.77888039382126","-3.8726335118019"
"263","263","-1.16131269894586","-0.000678247492527988","0.625878238305602","0.567713157158381","-15.0286298519245","-14.3826514529145"
"264","264","-0.695664338655624","-0.314405909766606","2.73769982817215","1.47638924547443","-4.41298561880129","-8.62079888441318"
"265","265","-2.24844997244392","-0.0228242487724342","0.98650126014377","0.949501701781616","-22.0898487279591","-22.1978171792961"
"266","266","-2.60445179792592","-0.149698749103345","0.107431018126844","0.415710548297051","-22.6256063715478","-24.2046782608477"
"267","267","-0.957260391615354","-1.09480423952632","0.31400128278716","0.374221012847276","-13.4577460201537","-10.1122355585252"
"268","268","0.0225096383633683","0.193039127010701","4.89972394028253","3.5149943541086","-5.66814492875834","-5.23598779196451"
"269","269","-0.50526750206524","0.085468789675787","5.43135019847774","2.8409509962495","-7.57812943709866","-9.79865762361657"
"270","270","-0.749270984780733","-0.496491770136188","2.9173680182433","3.04695458159622","-12.4218092556017","-10.2986575875732"
"271","271","-1.05248069969468","-0.548067685012019","4.57246044790231","4.01211370726174","-8.48259229916637","-12.2577710409137"
"272","272","0.127002872188958","0.11649748974092","4.79159784519324","4.13871960855508","-1.61271805374979","-2.59498504843037"
"273","273","-1.17163698039069","-0.375654188613525","3.88135072575624","2.78828241745591","-10.0800432668066","-13.0525027523754"
"274","274","-1.78099621622852","-0.306341761484176","4.51064202966106","2.86272906376506","-12.1568657072808","-13.5039754556854"
"275","275","-2.37459525763017","-0.214441125240095","0.467537721667156","0.801463318886211","-24.0314128070334","-23.4535351980357"
"276","276","-1.42254732886593","0.297458510300819","3.79156393625846","1.70782278724565","-9.54377083527048","-13.2471934313992"
"277","277","-0.724098485347256","0.00198467369533317","4.26869004318334","0.772633913618511","-6.50997294150057","-7.51045939237822"
"278","278","-0.264752282800764","-0.238820953617393","3.05185009506616","0.627097973919739","-4.67212369458216","-4.81442909144802"
"279","279","-1.42796029150478","0.37796828141862","4.51002699017816","3.83253531145247","-6.72513648437404","-12.1690194508068"
"280","280","-2.38440691949792","-0.245488927445133","1.51055570975961","1.58849740097039","-18.4430692408288","-21.6417696460035"
"281","281","-2.00866029341108","-0.497153342165239","-0.515173997022272","0.277730238941443","-21.0417068433682","-20.5546541624224"
"282","282","-1.2438632855104","-0.501220763746378","3.71356681500035","3.54199974661513","-15.3973732374276","-15.3131367193481"
"283","283","-2.04133928174341","-1.04392264302617","-0.179084441508358","0.111195385724378","-20.0493336603138","-16.4650919980214"
"284","284","-0.710828334402319","0.12293600755709","5.42864929774049","3.63432106796439","-7.52825103509634","-10.5589293578332"
"285","285","-0.243701897002338","-0.32958403031137","2.01710678551298","1.57593390501514","-5.83543952530617","-4.56390082539357"
"286","286","-0.433925301741851","-0.793950822525004","3.55944823550014","3.1343910532126","-6.03684098460786","-7.22152466267487"
"287","287","-2.09749931315031","-0.386576602518597","0.552198967349196","0.928383295484902","-21.0189103150702","-20.2953404287902"
"288","288","-1.23882572221361","0.159870241887025","5.18558450473819","1.95029691580048","-8.55138485288984","-10.580342087536"
"289","289","-0.450550745017247","-0.474774651464732","4.61940192066375","4.54460486622077","-4.50909793353088","-3.38569456463857"
"290","290","-2.44001878877536","-0.205209458041947","-0.038439789884256","0.455433933888291","-24.5167027084611","-23.6679259067589"
"291","291","-0.987094849134401","-0.00950076954688506","4.62775999609538","1.9361160158277","-9.68093118027353","-7.89295352153329"
"292","292","0.177681980084806","0.154258123909642","5.51843664007607","3.82538534924532","-4.17979402940602","-4.29799525277016"
"293","293","-1.45342331980085","0.353674985325823","0.64801581736357","1.24622167201777","-14.6217060077103","-11.0567913850057"
"294","294","-1.49476478183854","-0.420006302423226","1.20823863370584","1.62828098141976","-18.3838759343591","-16.8927193270911"
"295","295","0.0710027232632253","-0.0958184713768357","7.58981544826473","3.54705796121556","-0.184398148727414","-0.729144529207766"
"296","296","-0.308246692721783","0.839441170492857","2.56698907351615","2.36902811513983","-1.20309404483317","-2.84572335738241"
"297","297","-2.2107659368246","-0.239377251537944","1.04089518060815","0.0108534705681591","-19.1814999164848","-20.7049375133809"
"298","298","-2.01514587105102","-1.23920459028767","-0.823098785024371","-0.931630276811876","-19.514078201362","-15.2708307800742"
"299","299","-0.896546837277684","-0.862284280079482","4.75001821154586","3.57349381156475","-6.66323728133373","-9.86355135410093"
"300","300","-2.17672685718056","0.0384460759515716","2.01265185853857","1.47404085809337","-20.0479884185107","-16.2667787438891"
"301","301","-2.49101719833405","-0.391365176921749","1.65876545421909","0.954173902257876","-23.7772328085622","-21.8272770936747"
"302","302","-0.103859515984526","0.397989803371164","2.09704021140105","2.06123406272369","-5.9824062967804","-3.13853538494912"
"303","303","-1.65933049946663","0.305338792348966","1.55063174275577","1.39943002122775","-18.1977125789357","-18.0998321409115"
"304","304","-0.63879078442139","0.156765325611919","4.9584018797435","3.03781018709106","-10.3447363420467","-7.42535714108834"
"305","305","-1.76122427491153","0.043978356482138","3.13711913949917","1.25270656750148","-16.5338886978072","-14.1810589082817"
"306","306","-2.25070355475235","-0.264107988712434","-0.281060538486369","-0.170683723757486","-23.6150472943853","-22.6053104416502"
"307","307","0.0747216679121489","-0.0712959042380834","4.47727699405838","3.04229579451153","-5.81325851349821","-5.63956006592372"
"308","308","-0.888653672734532","0.183992451816601","2.40178635325723","1.48858816348665","-12.6216750071122","-12.4605470811756"
"309","309","-1.0358187073418","0.222477120950809","4.77755165319759","3.64061706657292","-11.1453044868972","-13.3675496470265"
"310","310","-1.66534540737316","-0.325274289560379","3.35737283421052","3.35251037694193","-12.2191529153964","-13.7829105638366"
"311","311","-1.08948316571935","0.433054408250988","5.57565194046322","3.00110417930521","-8.69779211347121","-8.69206880516675"
"312","312","-1.39148512392028","-0.415188193644494","3.78082942060119","2.94257951396489","-16.184366490215","-16.4311052459203"
"313","313","-1.8038773115663","-0.105629066480677","2.09500328420346","2.19247372895648","-11.9796628457818","-14.8295460310533"
"314","314","-1.85297582129651","-1.06173714050181","2.46800452254669","2.48386497251013","-12.1772419944026","-11.7642485388212"
"315","315","-0.618288374507052","-0.398786645446605","6.07856159759727","2.7252565033484","-7.0297499176875","-5.74386840285101"
"316","316","-1.25025221897438","0.0113120931616048","1.29164241362726","0.24030285002577","-12.8768646343363","-9.17619249773858"
"317","317","-2.27947820838566","-0.73056624430363","-0.823141806477422","0.221392538826416","-19.0525896905622","-17.3888835309828"
"318","318","-1.44087589079957","-0.460807498314229","4.3344660462234","1.36433888291801","-10.7511599617498","-12.3370439370853"
"319","319","-1.80296140424879","-0.7077505494628","0.505213874373197","0.977978178467063","-20.0879191706516","-19.9216885419191"
"320","320","-0.0222842273750491","-0.0422051518336999","4.80921168072734","3.57829127021216","-0.367893672951859","-4.87372233211912"
"321","321","-0.0954552996129007","-0.284692198030655","1.9843431242558","1.78356756228483","-4.05854455720409","-2.35585459437576"
"322","322","0.0153803119424193","-0.622984829785448","5.86036312387368","3.67424722353962","-3.0918181853779","-2.45363522840426"
"323","323","0.336039993934127","-0.0466628900896237","3.79220122674811","4.13202876841627","3.07568320556706","1.69366168574137"
"324","324","-0.43435986002843","0.226930567378457","4.38025833461691","3.92834228815972","2.09082168003752","-1.75158437148414"
"325","325","-0.510185067607869","0.18974072486236","3.0146420090117","1.73321848412205","-10.0570183302595","-9.86054650023441"
"326","326","0.165316182039257","0.433272213431579","4.56310559956258","2.97373249410937","0.426032772603643","-3.1131075795019"
"327","327","-0.290975872166597","0.761934405132204","1.55592817032058","0.862326905152129","-7.15706624384608","-7.74764615156639"
"328","328","-1.63895830740402","-0.123202895218656","2.13271292180278","1.91661207256347","-13.2886565339434","-16.4700239776014"
"329","329","-2.51000273977197","-1.01256244575364","-0.247888705445682","0.371104552325402","-23.5631475603769","-19.3413040802288"
"330","330","-1.42390233460819","-0.107476439419483","1.70315426996155","1.58546866776196","-8.58894164850243","-8.63332808060252"
"331","331","-2.19226785556562","-0.15982854441078","-0.349114992225006","0.0169996525707188","-22.166882446792","-21.842816247662"
"332","332","-1.97021772968498","0.0482990314701376","3.21905081660258","3.0739926429517","-14.472647817338","-18.41284783441"
"333","333","-1.80970065863006","0.254193238013597","2.41708559207279","1.36300764271861","-16.717622557514","-12.5791385663782"
"334","334","-0.767572061002852","0.590903301494416","5.23865226927361","2.04726719238082","-8.98090033940163","-7.87900817335521"
"335","335","-2.25467392948289","0.0447305640098341","1.31993930186479","0.685694364384011","-18.256958313611","-20.480166072258"
"336","336","-0.342545245039897","-0.391514679779865","6.02020807225542","3.25237896721266","-2.17376361127326","-3.56164492945483"
"337","337","-2.03599648541521","-0.00912023009526637","1.38369044643668","0.970538956598635","-17.8499908177763","-17.4134290614285"
"338","338","-1.41853492784342","-0.323692509580659","2.39679423935992","1.58014429108618","-3.45811206545223","-8.9117467246492"
"339","339","-0.647045932395181","-0.804255457467205","6.0286269745296","3.5508548201541","-4.73706389901523","-4.2324497838138"
"340","340","-2.27240487487613","-0.106165331295108","0.381565257084095","0.71443783454647","-22.8286444317067","-22.332651878725"
"341","341","-1.65617774614854","0.332964838928334","2.54821965761127","2.94011294744048","-18.1473827559393","-14.9803983853479"
"342","342","-1.07969720912207","-0.360495354612706","3.28896089177375","2.05081387600055","-1.09297743534301","-6.39513700053856"
"343","343","-0.440599024088016","-0.10011315276128","2.44621714606865","3.9857412871915","-5.40615837772204","-4.16645411292828"
"344","344","-0.290928319426662","-0.476502947482873","3.99229669857877","3.45861402655083","2.43723201961841","-4.20618281260377"
"345","345","-2.41838328584509","-0.86726435104194","0.709289565091497","0.422515607874707","-23.1301219484484","-18.5827854615228"
"346","346","-0.525861902964073","0.00792727804802067","7.30496856472734","4.02370835775728","-3.84491130771549","-4.53920149754523"
"347","347","-1.49970720257836","-0.1157160665985","4.24113724366614","3.38602437468265","-12.6414061382578","-9.83407333478671"
"348","348","-0.735373641991337","-0.494069334261227","3.40577045330475","2.84764807805311","-7.97374643725911","-10.2264089911281"
"349","349","-1.58042823791749","-0.0325081560389032","4.59411721531289","2.50153002746227","-13.2755611351882","-14.1641312493736"
"350","350","-1.60417758182075","-0.223286482733873","0.947606138950443","1.44737339478276","-18.9861328057114","-17.9892548645529"
"351","351","-1.27463264248049","-1.02711208486678","0.405521540725189","0.69671914403338","-16.1544777384262","-15.0580681639267"
"352","352","-0.559747729366784","-1.12795946415431","0.137953688213562","1.26832545685807","-2.84844791390386","-3.56403969568193"
"353","353","-0.0921107767105217","-0.73203738940756","3.76179720311374","2.56341428022338","-4.33158780248122","-5.36922097889467"
"354","354","-2.30910301753938","-0.50726025082107","1.67714233311679","2.48080737233493","-19.4449892351388","-20.2011089006068"
"355","355","-0.759930097586626","-0.0118890053100432","0.706214314865755","-1.26309546731237","-5.15681195119691","-5.05252563762104"
"356","356","-0.027119900493301","-0.37097186855449","2.59797362942753","1.39259316881197","-0.0155726239845892","-1.97020501767137"
"357","357","-1.79316966395824","0.283719613800721","4.3687952755061","3.12774038175163","-11.9334523108961","-12.9289579543376"
"358","358","-1.36768772985426","0.371041506842125","2.59032297657336","2.32143490547066","-6.3169086165115","-12.6875151886177"
"359","359","-0.270263733535436","-0.110919941713183","2.1893530289621","1.20904900587759","-1.76907262807205","-4.03572466485976"
"360","360","-0.0610728391098885","-0.960978451538856","1.66354611598811","1.36953111840937","-7.6943720901649","-6.20870695591941"
"361","361","0.190867866869156","-0.117465169813746","6.37378315422539","4.44830893236938","-3.75738453277899","-2.63124916279855"
